{
    "code": 0,
    "chartData": {
        "retail": [
            {
                "x": 1497260258000,
                "y": 59.99,
                "shop": "Bundle Stars",
                "name": "12 Jun 2017 09:37 - 12 Jun 2017 14:07"
            },
            {
                "x": 1497276433000,
                "y": 43.05,
                "shop": "Gamesplanet UK",
                "name": "12 Jun 2017 14:07 - 26 Sep 2017 17:06"
            },
            {
                "x": 1506445567000,
                "y": 41.61,
                "shop": "WinGameStore",
                "name": "26 Sep 2017 17:06 - 10 Oct 2017 16:06"
            },
            {
                "x": 1507651591000,
                "y": 41.28,
                "shop": "WinGameStore",
                "name": "10 Oct 2017 16:06 - 31 Oct 2017 07:06"
            },
            {
                "x": 1509433563000,
                "y": 51.66,
                "shop": "WinGameStore",
                "name": "31 Oct 2017 07:06 - 31 Oct 2017 17:50"
            },
            {
                "x": 1509472207000,
                "y": 51.66,
                "shop": "WinGameStore",
                "name": "31 Oct 2017 07:06 - 31 Oct 2017 17:50"
            },
            {
                "x": 1509472207001,
                "y": null,
                "shop": null,
                "name": null
            },
            {
                "x": 1509592290000,
                "y": 41.17,
                "shop": "WinGameStore",
                "name": "2 Nov 2017 03:11 - 6 Nov 2017 08:06"
            },
            {
                "x": 1509955563000,
                "y": 51.48,
                "shop": "WinGameStore",
                "name": "6 Nov 2017 08:06 - 9 Nov 2017 15:14"
            },
            {
                "x": 1510240498000,
                "y": 47.99,
                "shop": "Fanatical",
                "name": "9 Nov 2017 15:14 - 11 Nov 2017 20:06"
            },
            {
                "x": 1510430772000,
                "y": 38.73,
                "shop": "WinGameStore",
                "name": "11 Nov 2017 20:06 - 15 Mar 2018 23:06"
            },
            {
                "x": 1521155192000,
                "y": 44.99,
                "shop": "DLGamer.com",
                "name": "15 Mar 2018 23:06 - 17 Mar 2018 09:09"
            },
            {
                "x": 1521277792000,
                "y": 40.78,
                "shop": "Gamesplanet UK",
                "name": "17 Mar 2018 09:09 - 19 Mar 2018 09:31"
            },
            {
                "x": 1521451909000,
                "y": 43.97,
                "shop": "Gamesplanet UK",
                "name": "19 Mar 2018 09:31 - 23 Mar 2018 22:16"
            },
            {
                "x": 1521843372000,
                "y": 39.49,
                "shop": "WinGameStore",
                "name": "23 Mar 2018 22:16 - 18 Apr 2018 08:28"
            },
            {
                "x": 1524040123000,
                "y": 34.43,
                "shop": "Gamesplanet UK",
                "name": "18 Apr 2018 08:28 - 19 Apr 2018 08:25"
            },
            {
                "x": 1524126304000,
                "y": 39.49,
                "shop": "WinGameStore",
                "name": "19 Apr 2018 08:25 - 22 Apr 2018 08:45"
            },
            {
                "x": 1524386732000,
                "y": 34.23,
                "shop": "Gamesplanet UK",
                "name": "22 Apr 2018 08:45 - 23 Apr 2018 08:32"
            },
            {
                "x": 1524472371000,
                "y": 39.49,
                "shop": "WinGameStore",
                "name": "23 Apr 2018 08:32 - 25 May 2018 08:12"
            },
            {
                "x": 1527235922000,
                "y": 34.26,
                "shop": "Gamesplanet UK",
                "name": "25 May 2018 08:12 - 28 May 2018 08:08"
            },
            {
                "x": 1527494916000,
                "y": 39.49,
                "shop": "WinGameStore",
                "name": "28 May 2018 08:08 - 12 Jun 2018 08:15"
            },
            {
                "x": 1528791339000,
                "y": 37.63,
                "shop": "Gamesplanet UK",
                "name": "12 Jun 2018 08:15 - 18 Jun 2018 08:13"
            },
            {
                "x": 1529309595000,
                "y": 39.49,
                "shop": "WinGameStore",
                "name": "18 Jun 2018 08:13 - 16 Jul 2018 08:12"
            },
            {
                "x": 1531728728000,
                "y": 33.54,
                "shop": "Gamesplanet UK",
                "name": "16 Jul 2018 08:12 - 22 Jul 2018 22:14"
            },
            {
                "x": 1532297651000,
                "y": 39.49,
                "shop": "WinGameStore",
                "name": "22 Jul 2018 22:14 - 6 Aug 2018 09:23"
            },
            {
                "x": 1533547409000,
                "y": 33.46,
                "shop": "Gamesplanet UK",
                "name": "6 Aug 2018 09:23 - 8 Aug 2018 08:33"
            },
            {
                "x": 1533717209000,
                "y": 31.06,
                "shop": "Gamesplanet UK",
                "name": "8 Aug 2018 08:33 - 9 Aug 2018 08:27"
            },
            {
                "x": 1533803261000,
                "y": 33.53,
                "shop": "Gamesplanet UK",
                "name": "9 Aug 2018 08:27 - 12 Aug 2018 09:21"
            },
            {
                "x": 1534065711000,
                "y": 31.34,
                "shop": "Gamesplanet UK",
                "name": "12 Aug 2018 09:21 - 13 Aug 2018 08:44"
            },
            {
                "x": 1534149896000,
                "y": 39.49,
                "shop": "WinGameStore",
                "name": "13 Aug 2018 08:44 - 10 Oct 2018 01:41"
            },
            {
                "x": 1539135718000,
                "y": 39.09,
                "shop": "Gamebillet",
                "name": "10 Oct 2018 01:41 - 11 Oct 2018 12:19"
            },
            {
                "x": 1539260369000,
                "y": 34.07,
                "shop": "2Game",
                "name": "11 Oct 2018 12:19 - 19 Oct 2018 08:08"
            },
            {
                "x": 1539936495000,
                "y": 32.99,
                "shop": "Gamesplanet DE",
                "name": "19 Oct 2018 08:08 - 19 Oct 2018 08:08"
            },
            {
                "x": 1539936535000,
                "y": 30.45,
                "shop": "Gamesplanet UK",
                "name": "19 Oct 2018 08:08 - 22 Oct 2018 08:22"
            },
            {
                "x": 1540196564000,
                "y": 32.99,
                "shop": "Gamesplanet FR",
                "name": "22 Oct 2018 08:22 - 22 Oct 2018 08:24"
            },
            {
                "x": 1540196669000,
                "y": 34.07,
                "shop": "2Game",
                "name": "22 Oct 2018 08:24 - 2 Nov 2018 08:22"
            },
            {
                "x": 1541146931000,
                "y": 27.6,
                "shop": "2Game",
                "name": "2 Nov 2018 08:22 - 9 Nov 2018 03:06"
            },
            {
                "x": 1541732816000,
                "y": 34.54,
                "shop": "2Game",
                "name": "9 Nov 2018 03:06 - 20 Nov 2018 19:43"
            },
            {
                "x": 1542743017000,
                "y": 34.01,
                "shop": "Fanatical",
                "name": "20 Nov 2018 19:43 - 21 Nov 2018 02:11"
            },
            {
                "x": 1542766289000,
                "y": 33.99,
                "shop": "DLGamer.com",
                "name": "21 Nov 2018 02:11 - 21 Nov 2018 05:21"
            },
            {
                "x": 1542777690000,
                "y": 27.26,
                "shop": "2Game",
                "name": "21 Nov 2018 05:21 - 29 Nov 2018 05:09"
            },
            {
                "x": 1543468155000,
                "y": 34.11,
                "shop": "2Game",
                "name": "29 Nov 2018 05:09 - 7 Dec 2018 16:19"
            },
            {
                "x": 1544199584000,
                "y": 26.99,
                "shop": "Fanatical",
                "name": "7 Dec 2018 16:19 - 9 Dec 2018 16:22"
            },
            {
                "x": 1544372546000,
                "y": 29.99,
                "shop": "Fanatical",
                "name": "9 Dec 2018 16:22 - 10 Dec 2018 16:48"
            },
            {
                "x": 1544460505000,
                "y": 26.99,
                "shop": "Fanatical",
                "name": "10 Dec 2018 16:48 - 17 Dec 2018 09:20"
            },
            {
                "x": 1545038416000,
                "y": 24.99,
                "shop": "Gamesplanet DE",
                "name": "17 Dec 2018 09:20 - 17 Dec 2018 09:21"
            },
            {
                "x": 1545038507000,
                "y": 22.25,
                "shop": "Gamesplanet UK",
                "name": "17 Dec 2018 09:21 - 20 Dec 2018 19:12"
            },
            {
                "x": 1545333124000,
                "y": 19.51,
                "shop": "2Game",
                "name": "20 Dec 2018 19:12 - 4 Jan 2019 05:08"
            },
            {
                "x": 1546578520000,
                "y": 35.84,
                "shop": "2Game",
                "name": "4 Jan 2019 05:08 - 17 Jan 2019 18:47"
            },
            {
                "x": 1547750843000,
                "y": 29.99,
                "shop": "Humble Store",
                "name": "17 Jan 2019 18:47 - 21 Jan 2019 18:15"
            },
            {
                "x": 1548094522000,
                "y": 35.84,
                "shop": "2Game",
                "name": "21 Jan 2019 18:15 - 24 Jan 2019 18:33"
            },
            {
                "x": 1548354829000,
                "y": 29.99,
                "shop": "Humble Store",
                "name": "24 Jan 2019 18:33 - 28 Jan 2019 18:13"
            },
            {
                "x": 1548699183000,
                "y": 35.84,
                "shop": "2Game",
                "name": "28 Jan 2019 18:13 - 1 Feb 2019 17:00"
            },
            {
                "x": 1549040448000,
                "y": 26.99,
                "shop": "Fanatical",
                "name": "1 Feb 2019 17:00 - 5 Feb 2019 12:00"
            },
            {
                "x": 1549368024000,
                "y": 25.79,
                "shop": "Fanatical",
                "name": "5 Feb 2019 12:00 - 6 Feb 2019 09:44"
            },
            {
                "x": 1549446298000,
                "y": 23.73,
                "shop": "Fanatical",
                "name": "6 Feb 2019 09:44 - 8 Feb 2019 03:00"
            },
            {
                "x": 1549594829000,
                "y": 29.99,
                "shop": "Steam",
                "name": "8 Feb 2019 03:00 - 11 Feb 2019 19:39"
            },
            {
                "x": 1549913972000,
                "y": 35.84,
                "shop": "2Game",
                "name": "11 Feb 2019 19:39 - 18 Feb 2019 09:07"
            },
            {
                "x": 1550480873000,
                "y": 23.5,
                "shop": "Gamesplanet DE",
                "name": "18 Feb 2019 09:07 - 18 Feb 2019 09:08"
            },
            {
                "x": 1550480901000,
                "y": 21.87,
                "shop": "Gamesplanet UK",
                "name": "18 Feb 2019 09:08 - 25 Feb 2019 09:09"
            },
            {
                "x": 1551085792000,
                "y": 23.5,
                "shop": "Gamesplanet FR",
                "name": "25 Feb 2019 09:09 - 25 Feb 2019 18:06"
            },
            {
                "x": 1551118006000,
                "y": 29.99,
                "shop": "Humble Store",
                "name": "25 Feb 2019 18:06 - 1 Mar 2019 02:17"
            },
            {
                "x": 1551406630000,
                "y": 28.99,
                "shop": "DLGamer.com",
                "name": "1 Mar 2019 02:17 - 1 Mar 2019 13:16"
            },
            {
                "x": 1551446181000,
                "y": 20.99,
                "shop": "DLGamer.com",
                "name": "1 Mar 2019 13:16 - 2 Mar 2019 02:17"
            },
            {
                "x": 1551493065000,
                "y": 18.99,
                "shop": "DLGamer.com",
                "name": "2 Mar 2019 02:17 - 4 Mar 2019 01:04"
            },
            {
                "x": 1551661465000,
                "y": 16.03,
                "shop": "2Game",
                "name": "4 Mar 2019 01:04 - 5 Mar 2019 09:04"
            },
            {
                "x": 1551776645000,
                "y": 15.72,
                "shop": "2Game",
                "name": "5 Mar 2019 09:04 - 9 Mar 2019 03:03"
            },
            {
                "x": 1552100599000,
                "y": 17.99,
                "shop": "DLGamer.com",
                "name": "9 Mar 2019 03:03 - 14 Mar 2019 17:42"
            },
            {
                "x": 1552585378000,
                "y": 20.39,
                "shop": "Steam",
                "name": "14 Mar 2019 17:42 - 18 Mar 2019 20:17"
            },
            {
                "x": 1552940245000,
                "y": 18.99,
                "shop": "DLGamer.com",
                "name": "18 Mar 2019 20:17 - 22 Mar 2019 02:16"
            },
            {
                "x": 1553220963000,
                "y": 17.99,
                "shop": "DLGamer.com",
                "name": "22 Mar 2019 02:16 - 1 Apr 2019 08:22"
            },
            {
                "x": 1554106934000,
                "y": 16.5,
                "shop": "Gamesplanet DE",
                "name": "1 Apr 2019 08:22 - 1 Apr 2019 08:23"
            },
            {
                "x": 1554106997000,
                "y": 15.15,
                "shop": "Gamesplanet UK",
                "name": "1 Apr 2019 08:23 - 2 Apr 2019 08:13"
            },
            {
                "x": 1554192818000,
                "y": 15.09,
                "shop": "Gamesplanet UK",
                "name": "2 Apr 2019 08:13 - 8 Apr 2019 08:27"
            },
            {
                "x": 1554712022000,
                "y": 16.5,
                "shop": "Gamesplanet FR",
                "name": "8 Apr 2019 08:27 - 8 Apr 2019 08:27"
            },
            {
                "x": 1554712059000,
                "y": 16.99,
                "shop": "DLGamer.com",
                "name": "8 Apr 2019 08:27 - 25 Apr 2019 00:45"
            },
            {
                "x": 1556153104000,
                "y": 35.98,
                "shop": "2Game",
                "name": "25 Apr 2019 00:45 - 30 Apr 2019 17:30"
            },
            {
                "x": 1556645437000,
                "y": 35.12,
                "shop": "2Game",
                "name": "30 Apr 2019 17:30 - 25 Jun 2019 18:47"
            },
            {
                "x": 1561488438000,
                "y": 29.99,
                "shop": "Steam",
                "name": "25 Jun 2019 18:47 - 10 Jul 2019 00:29"
            },
            {
                "x": 1562718585000,
                "y": 34.84,
                "shop": "2Game",
                "name": "10 Jul 2019 00:29 - 19 Jul 2019 00:18"
            },
            {
                "x": 1563495497000,
                "y": 31.17,
                "shop": "2Game",
                "name": "19 Jul 2019 00:18 - 19 Jul 2019 23:20"
            },
            {
                "x": 1563578407000,
                "y": 35.11,
                "shop": "2Game",
                "name": "19 Jul 2019 23:20 - 24 Jul 2019 16:38"
            },
            {
                "x": 1563986337000,
                "y": 32.55,
                "shop": "2Game",
                "name": "24 Jul 2019 16:38 - 2 Aug 2019 15:56"
            },
            {
                "x": 1564761372000,
                "y": 34.49,
                "shop": "2Game",
                "name": "2 Aug 2019 15:56 - 20 Aug 2019 00:05"
            },
            {
                "x": 1566259545000,
                "y": 23.99,
                "shop": "Gamesplanet DE",
                "name": "20 Aug 2019 00:05 - 20 Aug 2019 00:06"
            },
            {
                "x": 1566259568000,
                "y": 21.92,
                "shop": "Gamesplanet UK",
                "name": "20 Aug 2019 00:06 - 21 Aug 2019 02:09"
            },
            {
                "x": 1566353381000,
                "y": 16.8,
                "shop": "2Game",
                "name": "21 Aug 2019 02:09 - 28 Aug 2019 02:03"
            },
            {
                "x": 1566957820000,
                "y": 29.99,
                "shop": "Humble Store",
                "name": "28 Aug 2019 02:03 - 28 Aug 2019 17:02"
            },
            {
                "x": 1567011730000,
                "y": 36.74,
                "shop": "2Game",
                "name": "28 Aug 2019 17:02 - 17 Oct 2019 17:48"
            },
            {
                "x": 1571334511000,
                "y": 20.39,
                "shop": "Steam",
                "name": "17 Oct 2019 17:48 - 21 Oct 2019 17:21"
            },
            {
                "x": 1571678488000,
                "y": 36.74,
                "shop": "2Game",
                "name": "21 Oct 2019 17:21 - 8 Nov 2019 08:24"
            },
            {
                "x": 1573201496000,
                "y": 20.39,
                "shop": "Humble Store",
                "name": "8 Nov 2019 08:24 - 14 Nov 2019 18:12"
            },
            {
                "x": 1573755127000,
                "y": 36.86,
                "shop": "2Game",
                "name": "14 Nov 2019 18:12 - 26 Nov 2019 20:07"
            },
            {
                "x": 1574798851000,
                "y": 20.39,
                "shop": "Steam",
                "name": "26 Nov 2019 20:07 - 27 Nov 2019 00:10"
            },
            {
                "x": 1574813445000,
                "y": 19.18,
                "shop": "Gamebillet",
                "name": "27 Nov 2019 00:10 - 27 Nov 2019 02:01"
            },
            {
                "x": 1574820100000,
                "y": 17.27,
                "shop": "Fanatical",
                "name": "27 Nov 2019 02:01 - 27 Nov 2019 09:08"
            },
            {
                "x": 1574845717000,
                "y": 16.99,
                "shop": "Gamesplanet DE",
                "name": "27 Nov 2019 09:08 - 27 Nov 2019 09:09"
            },
            {
                "x": 1574845756000,
                "y": 13.22,
                "shop": "Gamesplanet UK",
                "name": "27 Nov 2019 09:09 - 27 Nov 2019 17:04"
            },
            {
                "x": 1574874298000,
                "y": 13.19,
                "shop": "Gamebillet",
                "name": "27 Nov 2019 17:04 - 28 Nov 2019 15:24"
            },
            {
                "x": 1574954672000,
                "y": 13.3,
                "shop": "2Game",
                "name": "28 Nov 2019 15:24 - 5 Dec 2019 03:05"
            },
            {
                "x": 1575515106000,
                "y": 20.4,
                "shop": "DLGamer.com",
                "name": "5 Dec 2019 03:05 - 5 Dec 2019 15:13"
            },
            {
                "x": 1575558816000,
                "y": 36.94,
                "shop": "2Game",
                "name": "5 Dec 2019 15:13 - 12 Dec 2019 18:19"
            },
            {
                "x": 1576174785000,
                "y": 20.39,
                "shop": "Steam",
                "name": "12 Dec 2019 18:19 - 20 Dec 2019 00:12"
            },
            {
                "x": 1576800750000,
                "y": 16.99,
                "shop": "Gamesplanet DE",
                "name": "20 Dec 2019 00:12 - 20 Dec 2019 00:12"
            },
            {
                "x": 1576800767000,
                "y": 13.26,
                "shop": "Gamesplanet UK",
                "name": "20 Dec 2019 00:12 - 20 Dec 2019 02:04"
            },
            {
                "x": 1576807487000,
                "y": 13.19,
                "shop": "Gamebillet",
                "name": "20 Dec 2019 02:04 - 27 Dec 2019 01:05"
            },
            {
                "x": 1577408724000,
                "y": 12.45,
                "shop": "2Game",
                "name": "27 Dec 2019 01:05 - 3 Jan 2020 03:04"
            },
            {
                "x": 1578020686000,
                "y": 37.06,
                "shop": "2Game",
                "name": "3 Jan 2020 03:04 - 23 Jan 2020 00:16"
            },
            {
                "x": 1579738580000,
                "y": 18.35,
                "shop": "Allyouplay",
                "name": "23 Jan 2020 00:16 - 23 Jan 2020 03:04"
            },
            {
                "x": 1579748680000,
                "y": 14.5,
                "shop": "2Game",
                "name": "23 Jan 2020 03:04 - 23 Jan 2020 11:18"
            },
            {
                "x": 1579778329000,
                "y": 12.22,
                "shop": "2Game",
                "name": "23 Jan 2020 11:18 - 28 Jan 2020 03:07"
            },
            {
                "x": 1580180825000,
                "y": 18.38,
                "shop": "WinGameStore",
                "name": "28 Jan 2020 03:07 - 1 Feb 2020 07:00"
            },
            {
                "x": 1580540432000,
                "y": 37.07,
                "shop": "2Game",
                "name": "1 Feb 2020 07:00 - 8 Feb 2020 01:07"
            },
            {
                "x": 1581124055000,
                "y": 37.89,
                "shop": "2Game",
                "name": "8 Feb 2020 01:07 - 14 Feb 2020 14:40"
            },
            {
                "x": 1581691232000,
                "y": 37.25,
                "shop": "2Game",
                "name": "14 Feb 2020 14:40 - 27 Feb 2020 02:06"
            },
            {
                "x": 1582769203000,
                "y": 17.49,
                "shop": "DLGamer.com",
                "name": "27 Feb 2020 02:06 - 27 Feb 2020 03:04"
            },
            {
                "x": 1582772686000,
                "y": 14.04,
                "shop": "2Game",
                "name": "27 Feb 2020 03:04 - 28 Feb 2020 00:07"
            },
            {
                "x": 1582848472000,
                "y": 12.98,
                "shop": "Gamesplanet UK",
                "name": "28 Feb 2020 00:07 - 28 Feb 2020 02:03"
            },
            {
                "x": 1582855430000,
                "y": 13,
                "shop": "Gamesplanet UK",
                "name": "28 Feb 2020 02:03 - 5 Mar 2020 00:07"
            },
            {
                "x": 1583366856000,
                "y": 14.15,
                "shop": "2Game",
                "name": "5 Mar 2020 00:07 - 5 Mar 2020 03:04"
            },
            {
                "x": 1583377487000,
                "y": 16.97,
                "shop": "Allyouplay",
                "name": "5 Mar 2020 03:04 - 5 Mar 2020 12:13"
            },
            {
                "x": 1583410397000,
                "y": 36.05,
                "shop": "2Game",
                "name": "5 Mar 2020 12:13 - 10 Mar 2020 09:24"
            },
            {
                "x": 1583832269000,
                "y": 33.41,
                "shop": "2Game",
                "name": "10 Mar 2020 09:24 - 13 Mar 2020 10:04"
            },
            {
                "x": 1584093865000,
                "y": 35.01,
                "shop": "2Game",
                "name": "13 Mar 2020 10:04 - 9 Apr 2020 08:06"
            },
            {
                "x": 1586419602000,
                "y": 12.5,
                "shop": "Gamesplanet DE",
                "name": "9 Apr 2020 08:06 - 9 Apr 2020 08:06"
            },
            {
                "x": 1586419609000,
                "y": 9.5,
                "shop": "Gamesplanet UK",
                "name": "9 Apr 2020 08:06 - 9 Apr 2020 13:08"
            },
            {
                "x": 1586437681000,
                "y": 12.5,
                "shop": "Gamesplanet FR",
                "name": "9 Apr 2020 13:08 - 9 Apr 2020 13:08"
            },
            {
                "x": 1586437689000,
                "y": 35.01,
                "shop": "2Game",
                "name": "9 Apr 2020 13:08 - 16 Apr 2020 17:22"
            },
            {
                "x": 1587057762000,
                "y": 20.39,
                "shop": "Steam",
                "name": "16 Apr 2020 17:22 - 23 Apr 2020 17:17"
            },
            {
                "x": 1587662220000,
                "y": 35.01,
                "shop": "2Game",
                "name": "23 Apr 2020 17:17 - 28 May 2020 17:58"
            },
            {
                "x": 1590688723000,
                "y": 20.39,
                "shop": "Steam",
                "name": "28 May 2020 17:58 - 1 Jun 2020 17:33"
            },
            {
                "x": 1591032834000,
                "y": 35.3,
                "shop": "2Game",
                "name": "1 Jun 2020 17:33 - 7 Jun 2020 23:00"
            },
            {
                "x": 1591570826000,
                "y": 17,
                "shop": "WinGameStore",
                "name": "7 Jun 2020 23:00 - 7 Jun 2020 23:03"
            },
            {
                "x": 1591571023000,
                "y": 13.64,
                "shop": "2Game",
                "name": "7 Jun 2020 23:03 - 8 Jun 2020 00:07"
            },
            {
                "x": 1591574878000,
                "y": 12.67,
                "shop": "Gamesplanet UK",
                "name": "8 Jun 2020 00:07 - 8 Jun 2020 01:03"
            },
            {
                "x": 1591578234000,
                "y": 12.63,
                "shop": "Gamesplanet UK",
                "name": "8 Jun 2020 01:03 - 15 Jun 2020 00:07"
            },
            {
                "x": 1592179634000,
                "y": 13.61,
                "shop": "2Game",
                "name": "15 Jun 2020 00:07 - 15 Jun 2020 02:04"
            },
            {
                "x": 1592186672000,
                "y": 13.65,
                "shop": "Allyouplay",
                "name": "15 Jun 2020 02:04 - 15 Jun 2020 02:07"
            },
            {
                "x": 1592186873000,
                "y": 20.39,
                "shop": "Humble Store",
                "name": "15 Jun 2020 02:07 - 15 Jun 2020 17:48"
            },
            {
                "x": 1592243286000,
                "y": 34.82,
                "shop": "2Game",
                "name": "15 Jun 2020 17:48 - 25 Jun 2020 19:57"
            },
            {
                "x": 1593115020000,
                "y": 20.39,
                "shop": "Steam",
                "name": "25 Jun 2020 19:57 - 9 Jul 2020 20:17"
            },
            {
                "x": 1594325873000,
                "y": 34.82,
                "shop": "2Game",
                "name": "9 Jul 2020 20:17 - 22 Jul 2020 18:19"
            },
            {
                "x": 1595441982000,
                "y": 34.25,
                "shop": "Voidu",
                "name": "22 Jul 2020 18:19 - 21 Sep 2020 06:39"
            },
            {
                "x": 1600670352000,
                "y": 34.82,
                "shop": "2Game",
                "name": "21 Sep 2020 06:39 - 22 Sep 2020 08:15"
            },
            {
                "x": 1600762552000,
                "y": 34.03,
                "shop": "Voidu",
                "name": "22 Sep 2020 08:15 - 24 Sep 2020 07:35"
            },
            {
                "x": 1600932927000,
                "y": 34.82,
                "shop": "2Game",
                "name": "24 Sep 2020 07:35 - 9 Oct 2020 17:16"
            },
            {
                "x": 1602263769000,
                "y": 20.39,
                "shop": "Steam",
                "name": "9 Oct 2020 17:16 - 19 Oct 2020 17:30"
            },
            {
                "x": 1603128611000,
                "y": 34.82,
                "shop": "2Game",
                "name": "19 Oct 2020 17:30 - 21 Oct 2020 17:32"
            },
            {
                "x": 1603301541000,
                "y": 20.39,
                "shop": "Steam",
                "name": "21 Oct 2020 17:32 - 22 Oct 2020 09:00"
            },
            {
                "x": 1603357237000,
                "y": 18.59,
                "shop": "Fanatical",
                "name": "22 Oct 2020 09:00 - 22 Oct 2020 10:07"
            },
            {
                "x": 1603361223000,
                "y": 16.99,
                "shop": "Gamesplanet DE",
                "name": "22 Oct 2020 10:07 - 22 Oct 2020 10:07"
            },
            {
                "x": 1603361230000,
                "y": 12.46,
                "shop": "Gamesplanet UK",
                "name": "22 Oct 2020 10:07 - 22 Oct 2020 17:05"
            },
            {
                "x": 1603386315000,
                "y": 12.48,
                "shop": "Gamesplanet UK",
                "name": "22 Oct 2020 17:05 - 27 Oct 2020 00:07"
            },
            {
                "x": 1603757279000,
                "y": 12.49,
                "shop": "Gamebillet",
                "name": "27 Oct 2020 00:07 - 28 Oct 2020 13:03"
            },
            {
                "x": 1603890207000,
                "y": 34.99,
                "shop": "2Game",
                "name": "28 Oct 2020 13:03 - 5 Nov 2020 01:03"
            },
            {
                "x": 1604538215000,
                "y": 34.85,
                "shop": "Gamebillet",
                "name": "5 Nov 2020 01:03 - 14 Nov 2020 05:13"
            },
            {
                "x": 1605330788000,
                "y": 34.99,
                "shop": "2Game",
                "name": "14 Nov 2020 05:13 - 25 Nov 2020 00:07"
            },
            {
                "x": 1606262877000,
                "y": 17.99,
                "shop": "Gamesplanet DE",
                "name": "25 Nov 2020 00:07 - 25 Nov 2020 00:08"
            },
            {
                "x": 1606262920000,
                "y": 13.4,
                "shop": "Gamesplanet UK",
                "name": "25 Nov 2020 00:08 - 25 Nov 2020 21:27"
            },
            {
                "x": 1606339625000,
                "y": 13.39,
                "shop": "Gamebillet",
                "name": "25 Nov 2020 21:27 - 1 Dec 2020 20:11"
            },
            {
                "x": 1606853514000,
                "y": 13.4,
                "shop": "Gamesplanet UK",
                "name": "1 Dec 2020 20:11 - 2 Dec 2020 00:10"
            },
            {
                "x": 1606867823000,
                "y": 17.99,
                "shop": "Gamesplanet FR",
                "name": "2 Dec 2020 00:10 - 2 Dec 2020 00:11"
            },
            {
                "x": 1606867877000,
                "y": 34.44,
                "shop": "2Game",
                "name": "2 Dec 2020 00:11 - 22 Dec 2020 18:09"
            },
            {
                "x": 1608660561000,
                "y": 17.99,
                "shop": "Gamesplanet DE",
                "name": "22 Dec 2020 18:09 - 22 Dec 2020 18:09"
            },
            {
                "x": 1608660587000,
                "y": 13.28,
                "shop": "Gamesplanet UK",
                "name": "22 Dec 2020 18:09 - 22 Dec 2020 22:15"
            },
            {
                "x": 1608675347000,
                "y": 12.99,
                "shop": "Gamebillet",
                "name": "22 Dec 2020 22:15 - 5 Jan 2021 18:04"
            },
            {
                "x": 1609869845000,
                "y": 13.28,
                "shop": "Gamesplanet UK",
                "name": "5 Jan 2021 18:04 - 5 Jan 2021 18:08"
            },
            {
                "x": 1609870100000,
                "y": 16.65,
                "shop": "WinGameStore",
                "name": "5 Jan 2021 18:08 - 5 Jan 2021 21:10"
            },
            {
                "x": 1609881058000,
                "y": 35.48,
                "shop": "2Game",
                "name": "5 Jan 2021 21:10 - 11 Feb 2021 18:09"
            },
            {
                "x": 1613066991000,
                "y": 17.34,
                "shop": "Gamesplanet DE",
                "name": "11 Feb 2021 18:09 - 11 Feb 2021 18:10"
            },
            {
                "x": 1613067041000,
                "y": 13.16,
                "shop": "Gamesplanet UK",
                "name": "11 Feb 2021 18:10 - 15 Feb 2021 18:08"
            },
            {
                "x": 1613412524000,
                "y": 14.01,
                "shop": "2Game",
                "name": "15 Feb 2021 18:08 - 15 Feb 2021 22:45"
            },
            {
                "x": 1613429143000,
                "y": 36.09,
                "shop": "2Game",
                "name": "15 Feb 2021 22:45 - 3 Jun 2021 17:08"
            },
            {
                "x": 1622740120000,
                "y": 17.99,
                "shop": "Gamesplanet DE",
                "name": "3 Jun 2021 17:08 - 3 Jun 2021 17:08"
            },
            {
                "x": 1622740131000,
                "y": 13.91,
                "shop": "Gamesplanet UK",
                "name": "3 Jun 2021 17:08 - 3 Jun 2021 18:01"
            },
            {
                "x": 1622743286000,
                "y": 10.59,
                "shop": "Fanatical",
                "name": "3 Jun 2021 18:01 - 3 Jun 2021 19:01"
            },
            {
                "x": 1622746892000,
                "y": 10.58,
                "shop": "Gamebillet",
                "name": "3 Jun 2021 19:01 - 5 Jun 2021 17:04"
            },
            {
                "x": 1622912698000,
                "y": 13.79,
                "shop": "Gamebillet",
                "name": "5 Jun 2021 17:04 - 10 Jun 2021 18:02"
            },
            {
                "x": 1623348151000,
                "y": 14.18,
                "shop": "2Game",
                "name": "10 Jun 2021 18:02 - 10 Jun 2021 20:01"
            },
            {
                "x": 1623355293000,
                "y": 36.39,
                "shop": "2Game",
                "name": "10 Jun 2021 20:01 - 24 Jun 2021 20:05"
            },
            {
                "x": 1624565140000,
                "y": 20.39,
                "shop": "Steam",
                "name": "24 Jun 2021 20:05 - 8 Jul 2021 20:25"
            },
            {
                "x": 1625775904000,
                "y": 36.54,
                "shop": "2Game",
                "name": "8 Jul 2021 20:25 - 19 Aug 2021 14:11"
            },
            {
                "x": 1629382286000,
                "y": 40.49,
                "shop": "Gamebillet",
                "name": "19 Aug 2021 14:11 - 23 Sep 2021 17:06"
            },
            {
                "x": 1632416803000,
                "y": 16.99,
                "shop": "Gamesplanet DE",
                "name": "23 Sep 2021 17:06 - 23 Sep 2021 17:07"
            },
            {
                "x": 1632416856000,
                "y": 13.13,
                "shop": "Gamesplanet UK",
                "name": "23 Sep 2021 17:07 - 23 Sep 2021 18:06"
            },
            {
                "x": 1632420389000,
                "y": 13.12,
                "shop": "Gamesplanet UK",
                "name": "23 Sep 2021 18:06 - 30 Sep 2021 17:08"
            },
            {
                "x": 1633021703000,
                "y": 14.17,
                "shop": "2Game",
                "name": "30 Sep 2021 17:08 - 30 Sep 2021 20:11"
            },
            {
                "x": 1633032692000,
                "y": 18.36,
                "shop": "2Game",
                "name": "30 Sep 2021 20:11 - 30 Sep 2021 21:04"
            },
            {
                "x": 1633035864000,
                "y": 41.46,
                "shop": "WinGameStore",
                "name": "30 Sep 2021 21:04 - 6 Nov 2021 17:01"
            },
            {
                "x": 1636218076000,
                "y": 41.29,
                "shop": "Gamebillet",
                "name": "6 Nov 2021 17:01 - 24 Nov 2021 22:51"
            },
            {
                "x": 1637794277000,
                "y": 20.39,
                "shop": "Steam",
                "name": "24 Nov 2021 22:51 - 24 Nov 2021 23:11"
            },
            {
                "x": 1637795486000,
                "y": 18.12,
                "shop": "WinGameStore",
                "name": "24 Nov 2021 23:11 - 24 Nov 2021 23:13"
            },
            {
                "x": 1637795639000,
                "y": 13.39,
                "shop": "Gamebillet",
                "name": "24 Nov 2021 23:13 - 24 Nov 2021 23:16"
            },
            {
                "x": 1637795777000,
                "y": 13.26,
                "shop": "Gamesplanet UK",
                "name": "24 Nov 2021 23:16 - 1 Dec 2021 18:12"
            },
            {
                "x": 1638382354000,
                "y": 14.36,
                "shop": "2Game",
                "name": "1 Dec 2021 18:12 - 1 Dec 2021 22:05"
            },
            {
                "x": 1638396350000,
                "y": 16.59,
                "shop": "DLGamer.com",
                "name": "1 Dec 2021 22:05 - 1 Dec 2021 22:12"
            },
            {
                "x": 1638396742000,
                "y": 42.3,
                "shop": "2Game",
                "name": "1 Dec 2021 22:12 - 22 Dec 2021 20:34"
            },
            {
                "x": 1640205281000,
                "y": 20.39,
                "shop": "Steam",
                "name": "22 Dec 2021 20:34 - 22 Dec 2021 21:05"
            },
            {
                "x": 1640207103000,
                "y": 18.06,
                "shop": "WinGameStore",
                "name": "22 Dec 2021 21:05 - 22 Dec 2021 21:07"
            },
            {
                "x": 1640207253000,
                "y": 15.95,
                "shop": "Fanatical",
                "name": "22 Dec 2021 21:07 - 22 Dec 2021 21:08"
            },
            {
                "x": 1640207304000,
                "y": 13.49,
                "shop": "Gamebillet",
                "name": "22 Dec 2021 21:08 - 5 Jan 2022 18:03"
            },
            {
                "x": 1641405781000,
                "y": 13.79,
                "shop": "Gamesplanet UK",
                "name": "5 Jan 2022 18:03 - 5 Jan 2022 18:07"
            },
            {
                "x": 1641406032000,
                "y": 14.66,
                "shop": "2Game",
                "name": "5 Jan 2022 18:07 - 6 Jan 2022 03:17"
            },
            {
                "x": 1641439038000,
                "y": 20.4,
                "shop": "DLGamer.com",
                "name": "6 Jan 2022 03:17 - 6 Jan 2022 03:37"
            },
            {
                "x": 1641440248000,
                "y": 42.31,
                "shop": "WinGameStore",
                "name": "6 Jan 2022 03:37 - 18 Jan 2022 11:02"
            },
            {
                "x": 1642503730000,
                "y": 42.09,
                "shop": "Gamebillet",
                "name": "18 Jan 2022 11:02 - 27 Jan 2022 20:35"
            },
            {
                "x": 1643315759000,
                "y": 20.39,
                "shop": "Steam",
                "name": "27 Jan 2022 20:35 - 28 Jan 2022 02:10"
            },
            {
                "x": 1643335841000,
                "y": 18.31,
                "shop": "WinGameStore",
                "name": "28 Jan 2022 02:10 - 28 Jan 2022 02:13"
            },
            {
                "x": 1643335983000,
                "y": 16.19,
                "shop": "Fanatical",
                "name": "28 Jan 2022 02:13 - 28 Jan 2022 02:18"
            },
            {
                "x": 1643336308000,
                "y": 16.09,
                "shop": "Gamebillet",
                "name": "28 Jan 2022 02:18 - 28 Jan 2022 02:18"
            },
            {
                "x": 1643336312000,
                "y": 14.69,
                "shop": "2Game",
                "name": "28 Jan 2022 02:18 - 28 Jan 2022 02:23"
            },
            {
                "x": 1643336621000,
                "y": 13.57,
                "shop": "Gamesplanet UK",
                "name": "28 Jan 2022 02:23 - 29 Jan 2022 14:03"
            },
            {
                "x": 1643465018000,
                "y": 13.49,
                "shop": "Gamebillet",
                "name": "29 Jan 2022 14:03 - 3 Feb 2022 18:16"
            },
            {
                "x": 1643912213000,
                "y": 13.57,
                "shop": "Gamesplanet UK",
                "name": "3 Feb 2022 18:16 - 3 Feb 2022 18:17"
            },
            {
                "x": 1643912274000,
                "y": 14.56,
                "shop": "2Game",
                "name": "3 Feb 2022 18:17 - 4 Feb 2022 02:52"
            },
            {
                "x": 1643943133000,
                "y": 42.73,
                "shop": "2Game",
                "name": "4 Feb 2022 02:52 - 4 May 2022 13:56"
            },
            {
                "x": 1651672564000,
                "y": 43.87,
                "shop": "Gamebillet",
                "name": "4 May 2022 13:56 - 1 Jun 2022 17:05"
            },
            {
                "x": 1654103137000,
                "y": 19.99,
                "shop": "Gamesplanet DE",
                "name": "1 Jun 2022 17:05 - 1 Jun 2022 17:06"
            },
            {
                "x": 1654103165000,
                "y": 15.66,
                "shop": "Gamesplanet UK",
                "name": "1 Jun 2022 17:06 - 1 Jun 2022 17:39"
            },
            {
                "x": 1654105179000,
                "y": 15.29,
                "shop": "Epic Games Store",
                "name": "1 Jun 2022 17:39 - 1 Jun 2022 20:27"
            },
            {
                "x": 1654115225000,
                "y": 15.2,
                "shop": "2Game",
                "name": "1 Jun 2022 20:27 - 9 Jun 2022 01:03"
            },
            {
                "x": 1654736593000,
                "y": 43.87,
                "shop": "Gamebillet",
                "name": "9 Jun 2022 01:03 - 23 Jun 2022 17:28"
            },
            {
                "x": 1656005338000,
                "y": 20.39,
                "shop": "Steam",
                "name": "23 Jun 2022 17:28 - 23 Jun 2022 19:00"
            },
            {
                "x": 1656010831000,
                "y": 19.29,
                "shop": "WinGameStore",
                "name": "23 Jun 2022 19:00 - 23 Jun 2022 19:01"
            },
            {
                "x": 1656010869000,
                "y": 17.39,
                "shop": "Fanatical",
                "name": "23 Jun 2022 19:01 - 23 Jun 2022 19:05"
            },
            {
                "x": 1656011120000,
                "y": 16.99,
                "shop": "Gamesplanet DE",
                "name": "23 Jun 2022 19:05 - 23 Jun 2022 19:05"
            },
            {
                "x": 1656011141000,
                "y": 13.26,
                "shop": "Gamesplanet UK",
                "name": "23 Jun 2022 19:05 - 30 Jun 2022 23:01"
            },
            {
                "x": 1656630091000,
                "y": 13.19,
                "shop": "Gamebillet",
                "name": "30 Jun 2022 23:01 - 7 Jul 2022 17:16"
            },
            {
                "x": 1657214186000,
                "y": 13.26,
                "shop": "Gamesplanet UK",
                "name": "7 Jul 2022 17:16 - 7 Jul 2022 18:32"
            },
            {
                "x": 1657218741000,
                "y": 19.38,
                "shop": "2Game",
                "name": "7 Jul 2022 18:32 - 7 Jul 2022 23:00"
            },
            {
                "x": 1657234830000,
                "y": 43.87,
                "shop": "Gamebillet",
                "name": "7 Jul 2022 23:00 - 14 Jul 2022 15:10"
            },
            {
                "x": 1657811436000,
                "y": 20.39,
                "shop": "Epic Games Store",
                "name": "14 Jul 2022 15:10 - 28 Jul 2022 15:00"
            },
            {
                "x": 1659020449000,
                "y": 43.87,
                "shop": "Gamebillet",
                "name": "28 Jul 2022 15:00 - 4 Aug 2022 14:49"
            },
            {
                "x": 1659624589000,
                "y": 19.79,
                "shop": "Microsoft Store",
                "name": "4 Aug 2022 14:49 - 18 Aug 2022 13:59"
            },
            {
                "x": 1660831199000,
                "y": 43.87,
                "shop": "Gamebillet",
                "name": "18 Aug 2022 13:59 - 22 Aug 2022 17:04"
            },
            {
                "x": 1661187843000,
                "y": 17.39,
                "shop": "Fanatical",
                "name": "22 Aug 2022 17:04 - 22 Aug 2022 17:09"
            },
            {
                "x": 1661188167000,
                "y": 13.33,
                "shop": "Gamesplanet UK",
                "name": "22 Aug 2022 17:09 - 29 Aug 2022 17:08"
            },
            {
                "x": 1661792931000,
                "y": 20.39,
                "shop": "Epic Games Store",
                "name": "29 Aug 2022 17:08 - 30 Aug 2022 15:00"
            },
            {
                "x": 1661871600000,
                "y": 43.54,
                "shop": "Gamesplanet UK",
                "name": "30 Aug 2022 15:00 - 6 Oct 2022 17:09"
            },
            {
                "x": 1665076193000,
                "y": 12.96,
                "shop": "Gamesplanet UK",
                "name": "6 Oct 2022 17:09 - 13 Oct 2022 17:11"
            },
            {
                "x": 1665681078000,
                "y": 16.99,
                "shop": "Gamesplanet DE",
                "name": "13 Oct 2022 17:11 - 13 Oct 2022 18:31"
            },
            {
                "x": 1665685879000,
                "y": 20.4,
                "shop": "2Game",
                "name": "13 Oct 2022 18:31 - 14 Oct 2022 00:06"
            },
            {
                "x": 1665705999000,
                "y": 43.89,
                "shop": "Gamesplanet UK",
                "name": "14 Oct 2022 00:06 - 22 Nov 2022 16:17"
            },
            {
                "x": 1669133858000,
                "y": 20.39,
                "shop": "Epic Games Store",
                "name": "22 Nov 2022 16:17 - 22 Nov 2022 18:03"
            },
            {
                "x": 1669140189000,
                "y": 16.79,
                "shop": "Fanatical",
                "name": "22 Nov 2022 18:03 - 22 Nov 2022 18:10"
            },
            {
                "x": 1669140632000,
                "y": 13.11,
                "shop": "Gamesplanet UK",
                "name": "22 Nov 2022 18:10 - 29 Nov 2022 18:11"
            },
            {
                "x": 1669745482000,
                "y": 16.32,
                "shop": "2Game",
                "name": "29 Nov 2022 18:11 - 30 Nov 2022 00:08"
            },
            {
                "x": 1669766895000,
                "y": 43.87,
                "shop": "Gamebillet",
                "name": "30 Nov 2022 00:08 - 4 Dec 2022 14:04"
            },
            {
                "x": 1670162658000,
                "y": 44.04,
                "shop": "Gamesplanet UK",
                "name": "4 Dec 2022 14:04 - 5 Dec 2022 14:04"
            },
            {
                "x": 1670249075000,
                "y": 43.87,
                "shop": "Gamebillet",
                "name": "5 Dec 2022 14:04 - 15 Dec 2022 18:18"
            },
            {
                "x": 1671128334000,
                "y": 15.29,
                "shop": "Epic Games Store",
                "name": "15 Dec 2022 18:18 - 22 Dec 2022 20:11"
            },
            {
                "x": 1671739908000,
                "y": 13.26,
                "shop": "Gamesplanet UK",
                "name": "22 Dec 2022 20:11 - 5 Jan 2023 18:11"
            },
            {
                "x": 1672942273000,
                "y": 15.6,
                "shop": "DLGamer.com",
                "name": "5 Jan 2023 18:11 - 5 Jan 2023 19:18"
            },
            {
                "x": 1672946309000,
                "y": 16.32,
                "shop": "2Game",
                "name": "5 Jan 2023 19:18 - 6 Jan 2023 00:05"
            },
            {
                "x": 1672963519000,
                "y": 20.99,
                "shop": "Microsoft Store",
                "name": "6 Jan 2023 00:05 - 6 Jan 2023 09:59"
            },
            {
                "x": 1672999199000,
                "y": 42.67,
                "shop": "Gamesplanet UK",
                "name": "6 Jan 2023 09:59 - 9 Mar 2023 16:16"
            },
            {
                "x": 1678378588000,
                "y": 20.39,
                "shop": "Epic Games Store",
                "name": "9 Mar 2023 16:16 - 9 Mar 2023 18:09"
            },
            {
                "x": 1678385354000,
                "y": 12.8,
                "shop": "Gamesplanet UK",
                "name": "9 Mar 2023 18:09 - 9 Mar 2023 20:03"
            },
            {
                "x": 1678392225000,
                "y": 12.69,
                "shop": "Gamebillet",
                "name": "9 Mar 2023 20:03 - 23 Mar 2023 17:03"
            },
            {
                "x": 1679591032000,
                "y": 12.8,
                "shop": "Gamesplanet UK",
                "name": "23 Mar 2023 17:03 - 23 Mar 2023 17:22"
            },
            {
                "x": 1679592125000,
                "y": 15.62,
                "shop": "Gamesplanet US",
                "name": "23 Mar 2023 17:22 - 23 Mar 2023 17:22"
            },
            {
                "x": 1679592151000,
                "y": 15.99,
                "shop": "DLGamer.com",
                "name": "23 Mar 2023 17:22 - 23 Mar 2023 18:23"
            },
            {
                "x": 1679595783000,
                "y": 16.32,
                "shop": "2Game",
                "name": "23 Mar 2023 18:23 - 25 Mar 2023 00:03"
            },
            {
                "x": 1679702607000,
                "y": 43.26,
                "shop": "Gamesplanet UK",
                "name": "25 Mar 2023 00:03 - now"
            },
            {
                "x": 1680618703000,
                "y": 43.26,
                "shop": "Gamesplanet UK",
                "name": "4 Apr 2023 14:31"
            }
        ],
        "keyshops": [
            {
                "x": 1610150400000,
                "y": 11.93,
                "shop": "HRK Game",
                "name": "9 Jan 2021"
            },
            {
                "x": 1613433600000,
                "y": 13.67,
                "shop": "GAMIVO",
                "name": "16 Feb 2021"
            },
            {
                "x": 1616112000000,
                "y": 12.68,
                "shop": "Instant Gaming",
                "name": "19 Mar 2021"
            },
            {
                "x": 1619395200000,
                "y": 11.69,
                "shop": "Instant Gaming",
                "name": "26 Apr 2021"
            },
            {
                "x": 1620345600000,
                "y": 11.69,
                "shop": "Instant Gaming",
                "name": "7 May 2021"
            },
            {
                "x": 1623715200000,
                "y": 12.06,
                "shop": "GAMIVO",
                "name": "15 Jun 2021"
            },
            {
                "x": 1626566400000,
                "y": 11.3,
                "shop": "K4G.com",
                "name": "18 Jul 2021"
            },
            {
                "x": 1628035200000,
                "y": 11.55,
                "shop": "GAMIVO",
                "name": "4 Aug 2021"
            },
            {
                "x": 1632700800000,
                "y": 11.69,
                "shop": "Eneba",
                "name": "27 Sep 2021"
            },
            {
                "x": 1634256000000,
                "y": 11.45,
                "shop": "K4G.com",
                "name": "15 Oct 2021"
            },
            {
                "x": 1636588800000,
                "y": 11.44,
                "shop": "Eneba",
                "name": "11 Nov 2021"
            },
            {
                "x": 1640217600000,
                "y": 11.44,
                "shop": "Eneba",
                "name": "23 Dec 2021"
            },
            {
                "x": 1641513600000,
                "y": 11.43,
                "shop": "Eneba",
                "name": "7 Jan 2022"
            },
            {
                "x": 1644192000000,
                "y": 11.89,
                "shop": "Instant Gaming",
                "name": "7 Feb 2022"
            },
            {
                "x": 1648684800000,
                "y": 11.46,
                "shop": "Eneba",
                "name": "31 Mar 2022"
            },
            {
                "x": 1649980800000,
                "y": 11.46,
                "shop": "Eneba",
                "name": "15 Apr 2022"
            },
            {
                "x": 1651449600000,
                "y": 11.24,
                "shop": "Eneba",
                "name": "2 May 2022"
            },
            {
                "x": 1655596800000,
                "y": 11.05,
                "shop": "K4G.com",
                "name": "19 Jun 2022"
            },
            {
                "x": 1657929600000,
                "y": 11.43,
                "shop": "Eneba",
                "name": "16 Jul 2022"
            },
            {
                "x": 1659484800000,
                "y": 10.91,
                "shop": "Eneba",
                "name": "3 Aug 2022"
            },
            {
                "x": 1663977600000,
                "y": 15.99,
                "shop": "Instant Gaming",
                "name": "24 Sep 2022"
            },
            {
                "x": 1664582400000,
                "y": 15.99,
                "shop": "Instant Gaming",
                "name": "1 Oct 2022"
            },
            {
                "x": 1664668800000,
                "y": 15.99,
                "shop": "Instant Gaming",
                "name": "2 Oct 2022"
            },
            {
                "x": 1664755200000,
                "y": 15.99,
                "shop": "Instant Gaming",
                "name": "3 Oct 2022"
            },
            {
                "x": 1664841600000,
                "y": 15.82,
                "shop": "Eneba",
                "name": "4 Oct 2022"
            },
            {
                "x": 1664928000000,
                "y": 15.51,
                "shop": "Eneba",
                "name": "5 Oct 2022"
            },
            {
                "x": 1665014400000,
                "y": 16.33,
                "shop": "G2Play",
                "name": "6 Oct 2022"
            },
            {
                "x": 1665100800000,
                "y": 15.43,
                "shop": "K4G.com",
                "name": "7 Oct 2022"
            },
            {
                "x": 1665187200000,
                "y": 15.36,
                "shop": "Eneba",
                "name": "8 Oct 2022"
            },
            {
                "x": 1665273600000,
                "y": 15.42,
                "shop": "K4G.com",
                "name": "9 Oct 2022"
            },
            {
                "x": 1665360000000,
                "y": 13.72,
                "shop": "Eneba",
                "name": "10 Oct 2022"
            },
            {
                "x": 1665446400000,
                "y": 12.83,
                "shop": "G2Play",
                "name": "11 Oct 2022"
            },
            {
                "x": 1665532800000,
                "y": 12.83,
                "shop": "G2Play",
                "name": "12 Oct 2022"
            },
            {
                "x": 1665619200000,
                "y": 11.14,
                "shop": "Eneba",
                "name": "13 Oct 2022"
            },
            {
                "x": 1665705600000,
                "y": 11.14,
                "shop": "Eneba",
                "name": "14 Oct 2022"
            },
            {
                "x": 1665792000000,
                "y": 11.14,
                "shop": "Eneba",
                "name": "15 Oct 2022"
            },
            {
                "x": 1665878400000,
                "y": 11.14,
                "shop": "Eneba",
                "name": "16 Oct 2022"
            },
            {
                "x": 1665964800000,
                "y": 11.14,
                "shop": "Eneba",
                "name": "17 Oct 2022"
            },
            {
                "x": 1666051200000,
                "y": 11.14,
                "shop": "Eneba",
                "name": "18 Oct 2022"
            },
            {
                "x": 1666137600000,
                "y": 11.14,
                "shop": "Eneba",
                "name": "19 Oct 2022"
            },
            {
                "x": 1666224000000,
                "y": 11.14,
                "shop": "Eneba",
                "name": "20 Oct 2022"
            },
            {
                "x": 1666310400000,
                "y": 11.14,
                "shop": "Eneba",
                "name": "21 Oct 2022"
            },
            {
                "x": 1666396800000,
                "y": 11.14,
                "shop": "Eneba",
                "name": "22 Oct 2022"
            },
            {
                "x": 1666483200000,
                "y": 11.14,
                "shop": "Eneba",
                "name": "23 Oct 2022"
            },
            {
                "x": 1666569600000,
                "y": 11.14,
                "shop": "Eneba",
                "name": "24 Oct 2022"
            },
            {
                "x": 1666656000000,
                "y": 11.14,
                "shop": "Eneba",
                "name": "25 Oct 2022"
            },
            {
                "x": 1666742400000,
                "y": 11.14,
                "shop": "Eneba",
                "name": "26 Oct 2022"
            },
            {
                "x": 1666828800000,
                "y": 11.14,
                "shop": "Eneba",
                "name": "27 Oct 2022"
            },
            {
                "x": 1666915200000,
                "y": 11.14,
                "shop": "Eneba",
                "name": "28 Oct 2022"
            },
            {
                "x": 1667001600000,
                "y": 11.14,
                "shop": "Eneba",
                "name": "29 Oct 2022"
            },
            {
                "x": 1667088000000,
                "y": 11.14,
                "shop": "Eneba",
                "name": "30 Oct 2022"
            },
            {
                "x": 1667174400000,
                "y": 11.14,
                "shop": "Eneba",
                "name": "31 Oct 2022"
            },
            {
                "x": 1667260800000,
                "y": 11.64,
                "shop": "Eneba",
                "name": "1 Nov 2022"
            },
            {
                "x": 1667347200000,
                "y": 11.64,
                "shop": "Eneba",
                "name": "2 Nov 2022"
            },
            {
                "x": 1667433600000,
                "y": 11.64,
                "shop": "Eneba",
                "name": "3 Nov 2022"
            },
            {
                "x": 1667520000000,
                "y": 11.64,
                "shop": "Eneba",
                "name": "4 Nov 2022"
            },
            {
                "x": 1667606400000,
                "y": 11.64,
                "shop": "Eneba",
                "name": "5 Nov 2022"
            },
            {
                "x": 1667692800000,
                "y": 11.64,
                "shop": "Eneba",
                "name": "6 Nov 2022"
            },
            {
                "x": 1667779200000,
                "y": 11.64,
                "shop": "Eneba",
                "name": "7 Nov 2022"
            },
            {
                "x": 1667865600000,
                "y": 11.64,
                "shop": "Eneba",
                "name": "8 Nov 2022"
            },
            {
                "x": 1667952000000,
                "y": 11.64,
                "shop": "Eneba",
                "name": "9 Nov 2022"
            },
            {
                "x": 1668038400000,
                "y": 11.64,
                "shop": "Eneba",
                "name": "10 Nov 2022"
            },
            {
                "x": 1668124800000,
                "y": 10.91,
                "shop": "Eneba",
                "name": "11 Nov 2022"
            },
            {
                "x": 1668211200000,
                "y": 11.14,
                "shop": "Eneba",
                "name": "12 Nov 2022"
            },
            {
                "x": 1668297600000,
                "y": 11.14,
                "shop": "Eneba",
                "name": "13 Nov 2022"
            },
            {
                "x": 1668384000000,
                "y": 11.15,
                "shop": "Eneba",
                "name": "14 Nov 2022"
            },
            {
                "x": 1668470400000,
                "y": 11.64,
                "shop": "Eneba",
                "name": "15 Nov 2022"
            },
            {
                "x": 1668556800000,
                "y": 11.14,
                "shop": "Eneba",
                "name": "16 Nov 2022"
            },
            {
                "x": 1668643200000,
                "y": 11.14,
                "shop": "Eneba",
                "name": "17 Nov 2022"
            },
            {
                "x": 1668729600000,
                "y": 11.15,
                "shop": "Eneba",
                "name": "18 Nov 2022"
            },
            {
                "x": 1668816000000,
                "y": 11.37,
                "shop": "K4G.com",
                "name": "19 Nov 2022"
            },
            {
                "x": 1668902400000,
                "y": 11.37,
                "shop": "K4G.com",
                "name": "20 Nov 2022"
            },
            {
                "x": 1668988800000,
                "y": 11.37,
                "shop": "K4G.com",
                "name": "21 Nov 2022"
            },
            {
                "x": 1669075200000,
                "y": 11.65,
                "shop": "Eneba",
                "name": "22 Nov 2022"
            },
            {
                "x": 1669161600000,
                "y": 11.14,
                "shop": "Eneba",
                "name": "23 Nov 2022"
            },
            {
                "x": 1669248000000,
                "y": 11.14,
                "shop": "Eneba",
                "name": "24 Nov 2022"
            },
            {
                "x": 1669334400000,
                "y": 11.11,
                "shop": "K4G.com",
                "name": "25 Nov 2022"
            },
            {
                "x": 1669420800000,
                "y": 11.2,
                "shop": "Eneba",
                "name": "26 Nov 2022"
            },
            {
                "x": 1669507200000,
                "y": 11.14,
                "shop": "Eneba",
                "name": "27 Nov 2022"
            },
            {
                "x": 1669593600000,
                "y": 11.07,
                "shop": "Eneba",
                "name": "28 Nov 2022"
            },
            {
                "x": 1669680000000,
                "y": 11.28,
                "shop": "G2Play",
                "name": "29 Nov 2022"
            },
            {
                "x": 1669766400000,
                "y": 11.28,
                "shop": "G2Play",
                "name": "30 Nov 2022"
            },
            {
                "x": 1669852800000,
                "y": 11.3,
                "shop": "Eneba",
                "name": "1 Dec 2022"
            },
            {
                "x": 1669939200000,
                "y": 11.2,
                "shop": "Eneba",
                "name": "2 Dec 2022"
            },
            {
                "x": 1670025600000,
                "y": 10.86,
                "shop": "K4G.com",
                "name": "3 Dec 2022"
            },
            {
                "x": 1670112000000,
                "y": 10.86,
                "shop": "K4G.com",
                "name": "4 Dec 2022"
            },
            {
                "x": 1670198400000,
                "y": 10.86,
                "shop": "K4G.com",
                "name": "5 Dec 2022"
            },
            {
                "x": 1670284800000,
                "y": 10.86,
                "shop": "K4G.com",
                "name": "6 Dec 2022"
            },
            {
                "x": 1670371200000,
                "y": 10.86,
                "shop": "K4G.com",
                "name": "7 Dec 2022"
            },
            {
                "x": 1670457600000,
                "y": 10.86,
                "shop": "K4G.com",
                "name": "8 Dec 2022"
            },
            {
                "x": 1670544000000,
                "y": 10.86,
                "shop": "K4G.com",
                "name": "9 Dec 2022"
            },
            {
                "x": 1670630400000,
                "y": 10.45,
                "shop": "K4G.com",
                "name": "10 Dec 2022"
            },
            {
                "x": 1670716800000,
                "y": 10.45,
                "shop": "K4G.com",
                "name": "11 Dec 2022"
            },
            {
                "x": 1670803200000,
                "y": 10.45,
                "shop": "K4G.com",
                "name": "12 Dec 2022"
            },
            {
                "x": 1670889600000,
                "y": 10.45,
                "shop": "K4G.com",
                "name": "13 Dec 2022"
            },
            {
                "x": 1670976000000,
                "y": 10.45,
                "shop": "K4G.com",
                "name": "14 Dec 2022"
            },
            {
                "x": 1671062400000,
                "y": 10.45,
                "shop": "K4G.com",
                "name": "15 Dec 2022"
            },
            {
                "x": 1671148800000,
                "y": 10.45,
                "shop": "K4G.com",
                "name": "16 Dec 2022"
            },
            {
                "x": 1671235200000,
                "y": 10.45,
                "shop": "K4G.com",
                "name": "17 Dec 2022"
            },
            {
                "x": 1671321600000,
                "y": 10.45,
                "shop": "K4G.com",
                "name": "18 Dec 2022"
            },
            {
                "x": 1671408000000,
                "y": 10.45,
                "shop": "K4G.com",
                "name": "19 Dec 2022"
            },
            {
                "x": 1671494400000,
                "y": 10.45,
                "shop": "K4G.com",
                "name": "20 Dec 2022"
            },
            {
                "x": 1671580800000,
                "y": 10.45,
                "shop": "K4G.com",
                "name": "21 Dec 2022"
            },
            {
                "x": 1671667200000,
                "y": 10.45,
                "shop": "K4G.com",
                "name": "22 Dec 2022"
            },
            {
                "x": 1671753600000,
                "y": 10.45,
                "shop": "K4G.com",
                "name": "23 Dec 2022"
            },
            {
                "x": 1671840000000,
                "y": 10.37,
                "shop": "K4G.com",
                "name": "24 Dec 2022"
            },
            {
                "x": 1671926400000,
                "y": 10.37,
                "shop": "K4G.com",
                "name": "25 Dec 2022"
            },
            {
                "x": 1672012800000,
                "y": 10.37,
                "shop": "K4G.com",
                "name": "26 Dec 2022"
            },
            {
                "x": 1672099200000,
                "y": 10.45,
                "shop": "K4G.com",
                "name": "27 Dec 2022"
            },
            {
                "x": 1672185600000,
                "y": 10.41,
                "shop": "K4G.com",
                "name": "28 Dec 2022"
            },
            {
                "x": 1672272000000,
                "y": 10.41,
                "shop": "K4G.com",
                "name": "29 Dec 2022"
            },
            {
                "x": 1672358400000,
                "y": 10.41,
                "shop": "K4G.com",
                "name": "30 Dec 2022"
            },
            {
                "x": 1672444800000,
                "y": 10.45,
                "shop": "K4G.com",
                "name": "31 Dec 2022"
            },
            {
                "x": 1672531200000,
                "y": 10.41,
                "shop": "K4G.com",
                "name": "1 Jan 2023"
            },
            {
                "x": 1672617600000,
                "y": 10.41,
                "shop": "K4G.com",
                "name": "2 Jan 2023"
            },
            {
                "x": 1672704000000,
                "y": 10.41,
                "shop": "K4G.com",
                "name": "3 Jan 2023"
            },
            {
                "x": 1672790400000,
                "y": 10.41,
                "shop": "K4G.com",
                "name": "4 Jan 2023"
            },
            {
                "x": 1672876800000,
                "y": 10.41,
                "shop": "K4G.com",
                "name": "5 Jan 2023"
            },
            {
                "x": 1672963200000,
                "y": 10.41,
                "shop": "K4G.com",
                "name": "6 Jan 2023"
            },
            {
                "x": 1673049600000,
                "y": 10.41,
                "shop": "K4G.com",
                "name": "7 Jan 2023"
            },
            {
                "x": 1673136000000,
                "y": 10.45,
                "shop": "K4G.com",
                "name": "8 Jan 2023"
            },
            {
                "x": 1673222400000,
                "y": 10.41,
                "shop": "K4G.com",
                "name": "9 Jan 2023"
            },
            {
                "x": 1673308800000,
                "y": 10.41,
                "shop": "K4G.com",
                "name": "10 Jan 2023"
            },
            {
                "x": 1673395200000,
                "y": 10.41,
                "shop": "K4G.com",
                "name": "11 Jan 2023"
            },
            {
                "x": 1673481600000,
                "y": 10.41,
                "shop": "K4G.com",
                "name": "12 Jan 2023"
            },
            {
                "x": 1673568000000,
                "y": 10.41,
                "shop": "K4G.com",
                "name": "13 Jan 2023"
            },
            {
                "x": 1673654400000,
                "y": 10.41,
                "shop": "K4G.com",
                "name": "14 Jan 2023"
            },
            {
                "x": 1673740800000,
                "y": 10.41,
                "shop": "K4G.com",
                "name": "15 Jan 2023"
            },
            {
                "x": 1673827200000,
                "y": 10.41,
                "shop": "K4G.com",
                "name": "16 Jan 2023"
            },
            {
                "x": 1673913600000,
                "y": 10.41,
                "shop": "K4G.com",
                "name": "17 Jan 2023"
            },
            {
                "x": 1674000000000,
                "y": 10.41,
                "shop": "K4G.com",
                "name": "18 Jan 2023"
            },
            {
                "x": 1674086400000,
                "y": 10.41,
                "shop": "K4G.com",
                "name": "19 Jan 2023"
            },
            {
                "x": 1674172800000,
                "y": 10.41,
                "shop": "K4G.com",
                "name": "20 Jan 2023"
            },
            {
                "x": 1674259200000,
                "y": 10.41,
                "shop": "K4G.com",
                "name": "21 Jan 2023"
            },
            {
                "x": 1674345600000,
                "y": 10.41,
                "shop": "K4G.com",
                "name": "22 Jan 2023"
            },
            {
                "x": 1674432000000,
                "y": 10.41,
                "shop": "K4G.com",
                "name": "23 Jan 2023"
            },
            {
                "x": 1674518400000,
                "y": 10.41,
                "shop": "K4G.com",
                "name": "24 Jan 2023"
            },
            {
                "x": 1674604800000,
                "y": 10.41,
                "shop": "K4G.com",
                "name": "25 Jan 2023"
            },
            {
                "x": 1674691200000,
                "y": 10.3,
                "shop": "G2Play",
                "name": "26 Jan 2023"
            },
            {
                "x": 1674777600000,
                "y": 10.3,
                "shop": "G2Play",
                "name": "27 Jan 2023"
            },
            {
                "x": 1674864000000,
                "y": 10.39,
                "shop": "G2Play",
                "name": "28 Jan 2023"
            },
            {
                "x": 1674950400000,
                "y": 10.41,
                "shop": "K4G.com",
                "name": "29 Jan 2023"
            },
            {
                "x": 1675036800000,
                "y": 10.54,
                "shop": "K4G.com",
                "name": "30 Jan 2023"
            },
            {
                "x": 1675123200000,
                "y": 10.54,
                "shop": "K4G.com",
                "name": "31 Jan 2023"
            },
            {
                "x": 1675209600000,
                "y": 10.54,
                "shop": "K4G.com",
                "name": "1 Feb 2023"
            },
            {
                "x": 1675296000000,
                "y": 10.54,
                "shop": "K4G.com",
                "name": "2 Feb 2023"
            },
            {
                "x": 1675382400000,
                "y": 10.86,
                "shop": "Instant Gaming",
                "name": "3 Feb 2023"
            },
            {
                "x": 1675468800000,
                "y": 9.62,
                "shop": "GAMIVO",
                "name": "4 Feb 2023"
            },
            {
                "x": 1675555200000,
                "y": 9.62,
                "shop": "GAMIVO",
                "name": "5 Feb 2023"
            },
            {
                "x": 1675641600000,
                "y": 9.62,
                "shop": "GAMIVO",
                "name": "6 Feb 2023"
            },
            {
                "x": 1675728000000,
                "y": 10.62,
                "shop": "Instant Gaming",
                "name": "7 Feb 2023"
            },
            {
                "x": 1675814400000,
                "y": 10.62,
                "shop": "Instant Gaming",
                "name": "8 Feb 2023"
            },
            {
                "x": 1675900800000,
                "y": 10.5,
                "shop": "Instant Gaming",
                "name": "9 Feb 2023"
            },
            {
                "x": 1675987200000,
                "y": 10.48,
                "shop": "Instant Gaming",
                "name": "10 Feb 2023"
            },
            {
                "x": 1676073600000,
                "y": 10.48,
                "shop": "Instant Gaming",
                "name": "11 Feb 2023"
            },
            {
                "x": 1676160000000,
                "y": 10.48,
                "shop": "Instant Gaming",
                "name": "12 Feb 2023"
            },
            {
                "x": 1676246400000,
                "y": 10.48,
                "shop": "Instant Gaming",
                "name": "13 Feb 2023"
            },
            {
                "x": 1676332800000,
                "y": 10.48,
                "shop": "Instant Gaming",
                "name": "14 Feb 2023"
            },
            {
                "x": 1676419200000,
                "y": 10.48,
                "shop": "Instant Gaming",
                "name": "15 Feb 2023"
            },
            {
                "x": 1676505600000,
                "y": 10.48,
                "shop": "Instant Gaming",
                "name": "16 Feb 2023"
            },
            {
                "x": 1676592000000,
                "y": 10.48,
                "shop": "Instant Gaming",
                "name": "17 Feb 2023"
            },
            {
                "x": 1676678400000,
                "y": 10.48,
                "shop": "Instant Gaming",
                "name": "18 Feb 2023"
            },
            {
                "x": 1676764800000,
                "y": 10.48,
                "shop": "Instant Gaming",
                "name": "19 Feb 2023"
            },
            {
                "x": 1676851200000,
                "y": 10.48,
                "shop": "Instant Gaming",
                "name": "20 Feb 2023"
            },
            {
                "x": 1676937600000,
                "y": 10.48,
                "shop": "Instant Gaming",
                "name": "21 Feb 2023"
            },
            {
                "x": 1677024000000,
                "y": 10.48,
                "shop": "Instant Gaming",
                "name": "22 Feb 2023"
            },
            {
                "x": 1677110400000,
                "y": 10.37,
                "shop": "Instant Gaming",
                "name": "23 Feb 2023"
            },
            {
                "x": 1677196800000,
                "y": 10.37,
                "shop": "Instant Gaming",
                "name": "24 Feb 2023"
            },
            {
                "x": 1677283200000,
                "y": 10.37,
                "shop": "Instant Gaming",
                "name": "25 Feb 2023"
            },
            {
                "x": 1677369600000,
                "y": 10.37,
                "shop": "Instant Gaming",
                "name": "26 Feb 2023"
            },
            {
                "x": 1677456000000,
                "y": 10.26,
                "shop": "Instant Gaming",
                "name": "27 Feb 2023"
            },
            {
                "x": 1677542400000,
                "y": 10.26,
                "shop": "Instant Gaming",
                "name": "28 Feb 2023"
            },
            {
                "x": 1677628800000,
                "y": 10.15,
                "shop": "Instant Gaming",
                "name": "1 Mar 2023"
            },
            {
                "x": 1677715200000,
                "y": 10.15,
                "shop": "Instant Gaming",
                "name": "2 Mar 2023"
            },
            {
                "x": 1677801600000,
                "y": 10.03,
                "shop": "Instant Gaming",
                "name": "3 Mar 2023"
            },
            {
                "x": 1677888000000,
                "y": 10.03,
                "shop": "Instant Gaming",
                "name": "4 Mar 2023"
            },
            {
                "x": 1677974400000,
                "y": 10.03,
                "shop": "Instant Gaming",
                "name": "5 Mar 2023"
            },
            {
                "x": 1678060800000,
                "y": 10.03,
                "shop": "Instant Gaming",
                "name": "6 Mar 2023"
            },
            {
                "x": 1678147200000,
                "y": 10.03,
                "shop": "Instant Gaming",
                "name": "7 Mar 2023"
            },
            {
                "x": 1678233600000,
                "y": 9.86,
                "shop": "Instant Gaming",
                "name": "8 Mar 2023"
            },
            {
                "x": 1678320000000,
                "y": 9.99,
                "shop": "G2Play",
                "name": "9 Mar 2023"
            },
            {
                "x": 1678406400000,
                "y": 10.37,
                "shop": "K4G.com",
                "name": "10 Mar 2023"
            },
            {
                "x": 1678492800000,
                "y": 10.37,
                "shop": "K4G.com",
                "name": "11 Mar 2023"
            },
            {
                "x": 1678579200000,
                "y": 10.37,
                "shop": "K4G.com",
                "name": "12 Mar 2023"
            },
            {
                "x": 1678665600000,
                "y": 10.37,
                "shop": "K4G.com",
                "name": "13 Mar 2023"
            },
            {
                "x": 1678752000000,
                "y": 10.59,
                "shop": "K4G.com",
                "name": "14 Mar 2023"
            },
            {
                "x": 1678838400000,
                "y": 10.59,
                "shop": "K4G.com",
                "name": "15 Mar 2023"
            },
            {
                "x": 1678924800000,
                "y": 10.59,
                "shop": "K4G.com",
                "name": "16 Mar 2023"
            },
            {
                "x": 1679011200000,
                "y": 10.59,
                "shop": "K4G.com",
                "name": "17 Mar 2023"
            },
            {
                "x": 1679097600000,
                "y": 10.59,
                "shop": "K4G.com",
                "name": "18 Mar 2023"
            },
            {
                "x": 1679184000000,
                "y": 10.59,
                "shop": "K4G.com",
                "name": "19 Mar 2023"
            },
            {
                "x": 1679270400000,
                "y": 10.59,
                "shop": "K4G.com",
                "name": "20 Mar 2023"
            },
            {
                "x": 1679356800000,
                "y": 10.59,
                "shop": "K4G.com",
                "name": "21 Mar 2023"
            },
            {
                "x": 1679443200000,
                "y": 10.59,
                "shop": "K4G.com",
                "name": "22 Mar 2023"
            },
            {
                "x": 1679529600000,
                "y": 10.37,
                "shop": "K4G.com",
                "name": "23 Mar 2023"
            },
            {
                "x": 1679616000000,
                "y": 10.37,
                "shop": "K4G.com",
                "name": "24 Mar 2023"
            },
            {
                "x": 1679702400000,
                "y": 10.37,
                "shop": "K4G.com",
                "name": "25 Mar 2023"
            },
            {
                "x": 1679788800000,
                "y": 10.37,
                "shop": "K4G.com",
                "name": "26 Mar 2023"
            },
            {
                "x": 1679875200000,
                "y": 10.37,
                "shop": "K4G.com",
                "name": "27 Mar 2023"
            },
            {
                "x": 1679961600000,
                "y": 10.37,
                "shop": "K4G.com",
                "name": "28 Mar 2023"
            },
            {
                "x": 1680048000000,
                "y": 10.37,
                "shop": "K4G.com",
                "name": "29 Mar 2023"
            },
            {
                "x": 1680134400000,
                "y": 10.37,
                "shop": "K4G.com",
                "name": "30 Mar 2023"
            },
            {
                "x": 1680220800000,
                "y": 10.37,
                "shop": "K4G.com",
                "name": "31 Mar 2023"
            },
            {
                "x": 1680307200000,
                "y": 10.37,
                "shop": "K4G.com",
                "name": "1 Apr 2023"
            },
            {
                "x": 1680393600000,
                "y": 10.37,
                "shop": "K4G.com",
                "name": "2 Apr 2023"
            },
            {
                "x": 1680480000000,
                "y": 10.37,
                "shop": "K4G.com",
                "name": "3 Apr 2023"
            },
            {
                "x": 1680566400000,
                "y": 10.59,
                "shop": "K4G.com",
                "name": "4 Apr 2023"
            },
            {
                "x": 1680618703000,
                "y": 10.59,
                "shop": "K4G.com",
                "name": "4 Apr 2023 14:31"
            }
        ]
    },
    "currency": {
        "decimals": 2,
        "prefix": "",
        "suffix": "€"
    }
}