{"_default": {"1": {"id": 1, "charged": "justatest"}, "2": {"id": 2, "charged": "justatest"}, "3": {"id": 3, "charged": "justatest"}, "4": {"id": 4, "charged": "justatest"}, "5": {"id": 5, "charged": "justatest"}, "6": {"id": 6, "charged": "justatest"}, "7": {"id": 7, "charged": "justatest"}, "8": {"id": 8, "charged": "justatest"}, "9": {"id": 9, "charged": "justatest"}, "10": {"id": 10, "charged": "justatest"}, "11": {"id": 11, "charged": "justatest"}, "12": {"id": 12, "charged": "justatest"}, "13": {"id": 13, "charged": "justatest"}, "14": {"id": 14, "charged": "justatest"}, "15": {"id": 15, "charged": "justatest"}, "16": {"id": 16, "charged": "justatest"}, "17": {"id": 17, "charged": "justatest"}, "18": {"id": 18, "charged": "justatest"}, "19": {"id": 19, "charged": "justatest"}, "20": {"id": 20, "charged": "justatest"}, "21": {"id": 21, "charged": "justatest"}, "22": {"id": 22, "charged": "justatest"}, "23": {"id": 23, "charged": "justatest"}, "24": {"id": 24, "charged": "justatest"}, "25": {"id": 25, "charged": "justatest"}, "26": {"id": 26, "charged": "justatest"}, "27": {"id": 27, "charged": "justatest"}, "28": {"id": 28, "charged": "justatest"}, "29": {"id": 29, "charged": "justatest"}, "30": {"id": 30, "charged": "justatest"}, "31": {"id": 31, "charged": "justatest"}, "32": {"id": 32, "charged": "justatest"}, "33": {"id": 33, "charged": "justatest"}, "34": {"id": 34, "charged": "justatest"}, "35": {"id": 35, "charged": "justatest"}, "36": {"id": 36, "charged": "justatest"}, "37": {"id": 37, "charged": "justatest"}, "38": {"id": 38, "charged": "justatest"}, "39": {"id": 39, "charged": "justatest"}, "40": {"id": 40, "charged": "justatest"}, "41": {"id": 41, "charged": "justatest"}, "42": {"id": 42, "charged": "justatest"}, "43": {"id": 43, "charged": "justatest"}, "44": {"id": 44, "charged": "justatest"}, "45": {"id": 45, "charged": "justatest"}, "46": {"id": 46, "charged": "justatest"}, "47": {"id": 47, "charged": "justatest"}, "48": {"id": 48, "charged": "justatest"}, "49": {"id": 49, "charged": "justatest"}, "50": {"id": 50, "charged": "justatest"}, "51": {"id": 51, "charged": "justatest"}, "52": {"id": 52, "charged": "justatest"}, "53": {"id": 53, "charged": "justatest"}, "54": {"id": 54, "charged": "justatest"}, "55": {"id": 55, "charged": "justatest"}, "56": {"id": 56, "charged": "justatest"}, "57": {"id": 57, "charged": "justatest"}, "58": {"id": 58, "charged": "justatest"}, "59": {"id": 59, "charged": "justatest"}, "60": {"id": 60, "charged": "justatest"}, "61": {"id": 61, "charged": "justatest"}, "62": {"id": 62, "charged": "justatest"}, "63": {"id": 63, "charged": "justatest"}, "64": {"id": 64, "charged": "justatest"}, "65": {"id": 65, "charged": "justatest"}, "66": {"id": 66, "charged": "justatest"}, "67": {"id": 67, "charged": "justatest"}, "68": {"id": 68, "charged": "justatest"}, "69": {"id": 69, "charged": "justatest"}, "70": {"id": 70, "charged": "justatest"}, "71": {"id": 71, "charged": "justatest"}, "72": {"id": 72, "charged": "justatest"}, "73": {"id": 73, "charged": "adsf"}, "74": {"id": 74, "charged": "adsf"}, "75": {"id": 75, "charged": "adsf"}, "76": {"id": 76, "charged": "adsf"}, "77": {"id": 77, "charged": "adsf"}, "78": {"id": 78, "charged": "adsf"}, "79": {"id": 79, "charged": "adsf"}, "80": {"id": 80, "charged": "adsf"}, "81": {"id": 81, "charged": "adsf"}, "82": {"id": 82, "charged": "adsf"}, "83": {"id": 83, "charged": "adsf"}, "84": {"id": 84, "charged": "adsf"}, "85": {"id": 85, "charged": "adsf"}, "86": {"id": 86, "charged": "adsf"}, "87": {"id": 87, "charged": "adsf"}, "88": {"id": 88, "charged": "adsf"}, "89": {"id": 89, "charged": "adsf"}, "90": {"id": 90, "charged": "adsf"}, "91": {"id": 91, "charged": "adsf"}, "92": {"id": 92, "charged": "adsf"}, "93": {"id": 93, "charged": "adsf"}, "94": {"id": 94, "charged": "adsf"}, "95": {"id": 95, "charged": "adsf"}, "96": {"id": 96, "charged": "adsf"}, "97": {"id": 97, "charged": "adsf"}, "98": {"id": 98, "charged": "adsf"}, "99": {"id": 99, "charged": "adsf"}, "100": {"id": 100, "charged": "adsf"}, "101": {"id": 101, "charged": "adsf"}, "102": {"id": 102, "charged": "adsf"}, "103": {"id": 103, "charged": "adsf"}, "104": {"id": 104, "charged": "adsf"}, "105": {"id": 105, "charged": "adsf"}, "106": {"id": 106, "charged": "adsf"}, "107": {"id": 107, "charged": "adsf"}, "108": {"id": 108, "charged": "adsf"}, "109": {"id": 109, "charged": "adsf"}, "110": {"id": 110, "charged": "adsf"}, "111": {"id": 111, "charged": "adsf"}, "112": {"id": 112, "charged": "adsf"}, "113": {"id": 113, "charged": "adsf"}, "114": {"id": 114, "charged": "adsf"}, "115": {"id": 115, "charged": "adsf"}, "116": {"id": 116, "charged": "adsf"}, "117": {"id": 117, "charged": "60"}, "118": {"id": 118, "charged": "60"}, "119": {"id": 119, "charged": "60"}, "120": {"id": 120, "charged": "60"}, "121": {"id": 121, "charged": "60"}, "122": {"id": 122, "charged": "60"}, "123": {"id": 123, "charged": "60"}, "124": {"id": 124, "charged": "60"}, "125": {"id": 125, "charged": "60"}, "126": {"id": 126, "charged": "60"}, "127": {"id": 127, "charged": "60"}, "128": {"id": 128, "charged": "60"}, "129": {"id": 129, "charged": "60"}, "130": {"id": 130, "charged": "60"}, "131": {"id": 131, "charged": "60"}, "132": {"id": 132, "charged": "60"}, "133": {"id": 133, "charged": "60"}, "134": {"id": 134, "charged": "60"}, "135": {"id": 135, "charged": "60"}, "136": {"id": 136, "charged": "60"}, "137": {"id": 137, "charged": "60"}, "138": {"id": 138, "charged": "60"}, "139": {"id": 139, "charged": "60"}, "140": {"id": 140, "charged": "60"}, "141": {"id": 141, "charged": "60"}, "142": {"id": 142, "charged": "60"}, "143": {"id": 143, "charged": "60"}, "144": {"id": 144, "charged": "60"}, "145": {"id": 145, "charged": "60"}, "146": {"id": 146, "charged": "60"}, "147": {"id": 147, "charged": "60"}, "148": {"id": 148, "charged": "60"}, "149": {"id": 149, "charged": "60"}, "150": {"id": 150, "charged": "60"}, "151": {"id": 151, "charged": "60"}, "152": {"id": 152, "charged": "60"}, "153": {"id": 153, "charged": "60"}, "154": {"id": 154, "charged": "60"}, "155": {"id": 155, "charged": "60"}, "156": {"id": 156, "charged": "60"}, "157": {"id": 157, "charged": "60"}, "158": {"id": 158, "charged": "60"}, "159": {"id": 159, "charged": "60"}, "160": {"id": 160, "charged": "60"}, "161": {"id": 161, "charged": "60"}, "162": {"id": 162, "charged": "60"}, "163": {"id": 163, "charged": "60"}, "164": {"id": 164, "charged": "60"}, "165": {"id": 165, "charged": "60"}, "166": {"id": 166, "charged": "60"}, "167": {"id": 167, "charged": "60"}, "168": {"id": 168, "charged": "60"}, "169": {"id": 169, "charged": "60"}, "170": {"id": 170, "charged": "60"}, "171": {"id": 171, "charged": "60"}, "172": {"id": 172, "charged": "60"}, "173": {"id": 173, "charged": "60"}, "174": {"id": 174, "charged": "60"}, "175": {"id": 175, "charged": "60"}}}