{"_default": {"1": {"email": "testemail1@mail.com", "password": "$2b$12$BT7PgGRhrBV8p7KKTI3PeObNmDFQ4bf3.QNDQc8bBepCKu0m0dQza"}, "2": {"email": "testemail2@mail.com", "password": "$2b$12$UyD0/R.Nyr0EzMXLi3xcLe1emrob6LdEGKsowseT6T/88fS1YwT7O"}, "3": {"email": "testemail3@mail.com", "password": "$2b$12$o1NyF.PqxtUSI5qGqSwUg.fqGFY6E2oDXkA6nASk1z.SMYuF/dupa"}, "4": {"email": "testemail4@mail.com", "password": "$2b$12$mpk2/21MNFizvo/bd6uYGeDF7miV2oEMg5yvNQR1IoEh6Nc6K2vEu"}, "5": {"email": "testsejfla;jsldfkj@ajlk;djtras.com", "password": "tttt"}, "6": {"email": "testsejfla;asdf@ajlk;djtras.com", "password": "tttt"}, "7": {"email": "", "password": "tttt"}, "8": {"email": "bob123@gmail.com", "password": "test"}}}