[
  {
    "class":"logger.LogLevelAnnotation",
    "globalLogLevel":{
      
    }
  },
  {
    "class":"firrtl.EmitCircuitAnnotation",
    "emitter":"firrtl.LowFirrtlEmitter"
  },
  {
    "class":"chisel3.experimental.EnumAnnotations$EnumComponentAnnotation",
    "target":"Tile.DCombinMemPort.io_bus_request_bits_operation",
    "enumTypeName":"memory.MemoryOperation"
  },
  {
    "class":"chisel3.experimental.EnumAnnotations$EnumComponentAnnotation",
    "target":"Tile.ICombinMemPort._T_1_operation",
    "enumTypeName":"memory.MemoryOperation"
  },
  {
    "class":"chisel3.experimental.EnumAnnotations$EnumComponentAnnotation",
    "target":"Tile.ICombinMemPort.io_bus_request_bits_operation",
    "enumTypeName":"memory.MemoryOperation"
  },
  {
    "class":"firrtl.annotations.LoadMemoryAnnotation",
    "target":"Tile.DualPortedCombinMemory.memory",
    "fileName":"src/test/resources/risc-v/bge.hex",
    "hexOrBinary":"h",
    "originalMemoryNameOpt":"memory"
  },
  {
    "class":"chisel3.experimental.EnumAnnotations$EnumComponentAnnotation",
    "target":"Tile.DualPortedCombinMemory.io_imem_request_bits_operation",
    "enumTypeName":"memory.MemoryOperation"
  },
  {
    "class":"chisel3.experimental.EnumAnnotations$EnumDefAnnotation",
    "typeName":"memory.MemoryOperation",
    "definition":{
      "Read":0,
      "Write":1,
      "ReadWrite":2
    }
  },
  {
    "class":"chisel3.experimental.EnumAnnotations$EnumComponentAnnotation",
    "target":"Tile.DualPortedCombinMemory.io_dmem_request_bits_operation",
    "enumTypeName":"memory.MemoryOperation"
  },
  {
    "class":"firrtl.transforms.DontTouchAnnotation",
    "target":"~Tile|RegisterFile>io_readreg1"
  },
  {
    "class":"firrtl.transforms.DontTouchAnnotation",
    "target":"~Tile|RegisterFile>io_readreg2"
  },
  {
    "class":"firrtl.transforms.DontTouchAnnotation",
    "target":"~Tile|RegisterFile>io_writereg"
  },
  {
    "class":"firrtl.transforms.DontTouchAnnotation",
    "target":"~Tile|RegisterFile>io_writedata"
  },
  {
    "class":"firrtl.transforms.DontTouchAnnotation",
    "target":"~Tile|RegisterFile>io_wen"
  },
  {
    "class":"firrtl.transforms.DontTouchAnnotation",
    "target":"~Tile|RegisterFile>io_readdata1"
  },
  {
    "class":"firrtl.transforms.DontTouchAnnotation",
    "target":"~Tile|RegisterFile>io_readdata2"
  },
  {
    "class":"firrtl.transforms.DontTouchAnnotation",
    "target":"~Tile|CPU>pc"
  },
  {
    "class":"firrtl.transforms.DontTouchAnnotation",
    "target":"~Tile|CPU>io_imem_address"
  },
  {
    "class":"firrtl.transforms.DontTouchAnnotation",
    "target":"~Tile|CPU>io_imem_valid"
  },
  {
    "class":"firrtl.transforms.DontTouchAnnotation",
    "target":"~Tile|CPU>io_imem_good"
  },
  {
    "class":"firrtl.transforms.DontTouchAnnotation",
    "target":"~Tile|CPU>io_imem_instruction"
  },
  {
    "class":"firrtl.transforms.DontTouchAnnotation",
    "target":"~Tile|CPU>io_imem_ready"
  },
  {
    "class":"firrtl.transforms.DontTouchAnnotation",
    "target":"~Tile|CPU>io_dmem_address"
  },
  {
    "class":"firrtl.transforms.DontTouchAnnotation",
    "target":"~Tile|CPU>io_dmem_valid"
  },
  {
    "class":"firrtl.transforms.DontTouchAnnotation",
    "target":"~Tile|CPU>io_dmem_good"
  },
  {
    "class":"firrtl.transforms.DontTouchAnnotation",
    "target":"~Tile|CPU>io_dmem_writedata"
  },
  {
    "class":"firrtl.transforms.DontTouchAnnotation",
    "target":"~Tile|CPU>io_dmem_memread"
  },
  {
    "class":"firrtl.transforms.DontTouchAnnotation",
    "target":"~Tile|CPU>io_dmem_memwrite"
  },
  {
    "class":"firrtl.transforms.DontTouchAnnotation",
    "target":"~Tile|CPU>io_dmem_maskmode"
  },
  {
    "class":"firrtl.transforms.DontTouchAnnotation",
    "target":"~Tile|CPU>io_dmem_sext"
  },
  {
    "class":"firrtl.transforms.DontTouchAnnotation",
    "target":"~Tile|CPU>io_dmem_readdata"
  },
  {
    "class":"firrtl.options.TargetDirAnnotation",
    "directory":"."
  },
  {
    "class":"firrtl.options.OutputAnnotationFileAnnotation",
    "file":"Tile"
  },
  {
    "class":"firrtl.transforms.BlackBoxTargetDirAnno",
    "targetDir":"."
  }
]