{"_default": {"1": {"id": 1, "charged": "justatest"}, "2": {"id": 2, "charged": "justatest"}, "3": {"id": 3, "charged": "justatest"}, "4": {"id": 4, "charged": "justatest"}, "5": {"id": 5, "charged": "justatest"}, "6": {"id": 6, "charged": "justatest"}, "7": {"id": 7, "charged": "justatest"}, "8": {"id": 8, "charged": "justatest"}, "9": {"id": 9, "charged": "justatest"}, "10": {"id": 10, "charged": "justatest"}, "11": {"id": 11, "charged": "justatest"}, "12": {"id": 12, "charged": "justatest"}, "13": {"id": 13, "charged": "justatest"}, "14": {"id": 14, "charged": "justatest"}, "15": {"id": 15, "charged": "justatest"}, "16": {"id": 16, "charged": "justatest"}, "17": {"id": 17, "charged": "justatest"}, "18": {"id": 18, "charged": "justatest"}, "19": {"id": 19, "charged": "justatest"}, "20": {"id": 20, "charged": "justatest"}, "21": {"id": 21, "charged": "justatest"}, "22": {"id": 22, "charged": "justatest"}, "23": {"id": 23, "charged": "justatest"}, "24": {"id": 24, "charged": "justatest"}, "25": {"id": 25, "charged": "justatest"}, "26": {"id": 26, "charged": "justatest"}, "27": {"id": 27, "charged": "justatest"}, "28": {"id": 28, "charged": "justatest"}, "29": {"id": 29, "charged": "justatest"}, "30": {"id": 30, "charged": "justatest"}, "31": {"id": 31, "charged": "justatest"}, "32": {"id": 32, "charged": "justatest"}, "33": {"id": 33, "charged": "justatest"}, "34": {"id": 34, "charged": "justatest"}, "35": {"id": 35, "charged": "justatest"}, "36": {"id": 36, "charged": "justatest"}, "37": {"id": 37, "charged": "justatest"}, "38": {"id": 38, "charged": "justatest"}, "39": {"id": 39, "charged": "justatest"}, "40": {"id": 40, "charged": "justatest"}, "41": {"id": 41, "charged": "justatest"}, "42": {"id": 42, "charged": "justatest"}, "43": {"id": 43, "charged": "justatest"}, "44": {"id": 44, "charged": "justatest"}, "45": {"id": 45, "charged": "justatest"}, "46": {"id": 46, "charged": "justatest"}, "47": {"id": 47, "charged": "justatest"}, "48": {"id": 48, "charged": "justatest"}, "49": {"id": 49, "charged": "justatest"}, "50": {"id": 50, "charged": "justatest"}, "51": {"id": 51, "charged": "justatest"}, "52": {"id": 52, "charged": "justatest"}, "53": {"id": 53, "charged": "justatest"}, "54": {"id": 54, "charged": "justatest"}, "55": {"id": 55, "charged": "justatest"}, "56": {"id": 56, "charged": "justatest"}, "57": {"id": 57, "charged": "justatest"}, "58": {"id": 58, "charged": "justatest"}, "59": {"id": 59, "charged": "justatest"}, "60": {"id": 60, "charged": "justatest"}, "61": {"id": 61, "charged": "justatest"}, "62": {"id": 62, "charged": "justatest"}, "63": {"id": 63, "charged": "justatest"}, "64": {"id": 64, "charged": "justatest"}, "65": {"id": 65, "charged": "justatest"}, "66": {"id": 66, "charged": "justatest"}, "67": {"id": 67, "charged": "justatest"}, "68": {"id": 68, "charged": "justatest"}, "69": {"id": 69, "charged": "justatest"}, "70": {"id": 70, "charged": "justatest"}}}